timestamp,age,height_cm,weight_kg,cuisine_top1,cuisine_top2,cuisine_top3,spice_tolerance,dietary_pref,eating_out_per_week,food_budget_per_meal,sweet_tooth_level,tea_vs_coffee,movie_genre_top1,movie_genre_top2,movie_genre_top3,series_genre_top1,series_genre_top2,series_genre_top3,content_lang_top1,content_lang_top2,content_lang_top3,ott_top1,ott_top2,ott_top3,binge_freq_per_week,screen_time_hours_per_week,gaming_days_per_week,gaming_hours_per_week,game_genre_top1,game_genre_top2,game_genre_top3,gaming_platform_top1,gaming_platform_top2,gaming_platform_top3,esports_viewing,social_platform_top1,social_platform_top2,social_platform_top3,daily_social_media_minutes,primary_content_type,content_creation_freq,music_genre_top1,music_genre_top2,music_genre_top3,listening_hours_per_day,music_lang_top1,music_lang_top2,live_concerts_past_year,reads_books,book_genre_top1,book_genre_top2,book_genre_top3,books_read_past_year,fashion_spend_per_month,shopping_mode_pref,ethical_shopping_importance,travel_freq_per_year,travel_type_top1,travel_type_top2,travel_type_top3,budget_per_trip,travel_planning_pref,hobby_top1,hobby_top2,club_top1,club_top2,weekly_hobby_hours,introversion_extraversion,risk_taking,conscientiousness,open_to_new_experiences,teamwork_preference
00:00.0,21.0,120.0,30.0,Mughlai,Bengali,Japanese,2.0,Jain,7.0,199.0,4.0,Coffee,Horror,Horror,Horror,Historical,Siticom,Fantasy,Kannada,Hindi,Tamil,JioCinema,Netflix,YouTube,4.0,2.0,3.0,4.0,RPG,MOBA,RPG,PC,PC,PC,Sometimes,You Tube,YouTube,YouTube,120.0,Lifesyle,Occasional,Bollywood,Pop,Indie,2.0,Hindi,English,6.0,No,Self-Help,Non-Fiction,Tech,0.0,0.0,Mixed,2.0,7.0,Road trip,Beach,Beach,1000.0,1.0,Cricket,Writing,Robotics Club,Music Club,0,2,2,2.0,2.0,3
00:00.0,19.0,167.0,50.0,Indian,Mexican,Street Food,5.0,Non-Veg,7.0,150.0,2.0,Both,Scie-fi,Action,Drama,Crime,Anime,Fantasy,Others,Hindi,English,Netflix,Disney + Hotstar,YouTube,2.0,40.0,7.0,12.0,Strategy,Casual,FPS,Mobile,PC,Console,Often,You Tube,Instagram,WhatsApp,506.0,Memes,Occasional,Lo-fi,Pop,Hip-Hop,1.0,Others,English,0.0,Sometimes,Fiction,Fantasy,Tech,2.0,200.0,Mixed,4.0,4.0,Trekking,City,Road Trip,3000.0,2.0,Coding,Cricket,Coding Club,Sports Club,40,3,2,3.0,5.0,3
00:00.0,20.0,167.0,60.0,Bengali,Mughlai,Italian,5.0,Non-Veg,3.0,100.0,2.0,Both,Drama,Sci-fi,Animation,Fantasy,Historical,Siticom,English,Bengali,Hindi,Netflix,Prime Video,YouTube,3.0,10.0,7.0,7.0,FPS,Strategy,Puzzle,Mobile,PC,Cloud,Sometimes,WhatsApp,Instagram,LinkedIn,60.0,Educational,No,Lo-fi,Classical,Bollywood,1.0,Bengali,English,1.0,Sometimes,Fiction,Sci-Fi,Fantasy,5.0,500.0,Mostly Offline,2.0,2.0,Beach,Beach,Pilgrimage,3000.0,2.0,Cricket,Coding,Coding Club,Sports Club,5,3,4,3.0,4.0,3
00:00.0,22.0,170.0,53.0,Indian,Chinese,Street Food,4.0,Non-Veg,7.0,180.0,4.0,Both,Scie-fi,Horror,Action,Historical,Anime,Fantasy,Hindi,English,Bengali,YouTube,JioCinema,Netflix,2.0,3.0,2.0,2.0,Strategy,Puzzle,Casual,Mobile,Mobile,Cloud,Never,WhatsApp,Instagram,YouTube,120.0,News,Occasional,Bollywood,Classical,Pop,1.0,Hindi,English,1.0,Sometimes,Self-Help,Fiction,Tech,5.0,500.0,Mixed,4.0,10.0,City,Road Trip,Cultural,50000.0,4.0,Cricket,Music,Entrepreneurship Cell,Sports Club,10,5,5,5.0,5.0,5
00:00.0,21.0,167.0,80.0,Indian,Mughlai,Chinese,3.0,Non-Veg,4.0,200.0,4.0,Coffee,Action,Sci-fi,Sci-Fi,Crime,Historical,Fantasy,Hindi,English,Bengali,Netflix,Prime Video,Disney + Hotstar,3.0,10.0,2.0,19.0,RPG,Sports,Racing,Mobile,PC,Console,Never,WhatsApp,Instagram,YouTube,120.0,News,No,Bollywood,EDM,Devotional,2.0,English,Hindi,0.0,Regularly,Fiction,Self-Help,Fantasy,5.0,2000.0,Mixed,5.0,3.0,Beach,Trekking,Road Trip,30000.0,5.0,Badminton,Debate,Literary Club,Entrepreneurship Cell,5,3,5,4.0,4.0,1
00:00.0,22.0,173.0,48.0,Indian,Bengali,Street Food,3.0,Non-Veg,7.0,100.0,3.0,Both,Action,Thriller,Horror,Crime,Historical,Teen,Hindi,Bengali,English,Netflix,YouTube,Prime Video,3.0,14.0,1.0,3.0,FPS,Racing,Sports,Mobile,Cloud,PC,Never,WhatsApp,YouTube,Facebook,300.0,News,Occasional,Bollywood,Classical,Lo-fi,2.0,Hindi,Bengali,0.0,Regularly,Fiction,Tech,Non-Fiction,40.0,500.0,Mostly Offline,3.0,12.0,City,Beach,Pilgrimage,8000.0,5.0,Writing,Coding,Coding Club,Cultural Club,25,4,5,1.0,5.0,5
00:00.0,21.0,173.0,65.0,Indian,South Indian,Bengali,4.0,Non-Veg,1.0,200.0,3.0,Coffee,Comedy,Biopic,Comedy,Historical,Crime,Crime,Hindi,English,Bengali,YouTube,Disney + Hotstar,JioCinema,1.0,7.0,1.0,1.0,Sports,Racing,Strategy,Mobile,PC,Cloud,Never,You Tube,WhatsApp,Instagram,180.0,Memes,Occasional,Indie,Bollywood,Classical,4.0,Hindi,English,0.0,Sometimes,Tech,Sci-Fi,Non-Fiction,1.0,500.0,Mixed,1.0,6.0,City,Road Trip,Cultural,3000.0,1.0,Cricket,Gym,Sports Club,Coding Club,40,2,5,4.0,5.0,3
00:00.0,21.0,164.0,47.0,Bengali,Chinese,Street Food,3.0,Non-Veg,6.0,100.0,3.0,Tea,Thriller,Drama,Romance,Anime,Historical,Historical,Bengali,Hindi,English,Netflix,Disney + Hotstar,Prime Video,1.0,3.0,1.0,3.0,Strategy,FPS,Racing,Mobile,PC,Console,Never,Instagram,WhatsApp,Facebook,120.0,Memes,Occasional,Bollywood,Rock,Classical,2.0,Bengali,Hindi,4.0,Sometimes,Fiction,Non-Fiction,Biography,2.0,500.0,Mixed,4.0,2.0,Beach,Pilgrimage,City,3000.0,2.0,Music,Cricket,Music Club,Coding Club,10,3,3,3.0,3.0,4
00:00.0,21.0,154.0,57.0,Mediterranean,Indian,Street Food,5.0,Vegan,10.0,7000.0,5.0,Coffee,Animation,Sci-fi,Action,Anime,Crime,Fantasy,Others,English,Hindi,YouTube,Netflix,Prime Video,4.0,30.0,7.0,30.0,Racing,FPS,MOBA,PC,PC,Mobile,Sometimes,You Tube,Facebook,Instagram,400.0,Gaming,Regular,EDM,Classical,Devotional,10.0,Hindi,Bengali,0.0,Sometimes,Sci-Fi,Tech,Fiction,20.0,500.0,Mixed,3.0,4.0,Road trip,City,Cultural,2000.0,3.0,Music,Robotics,Music Club,Robotics Club,10,1,3,2.0,2.0,4
00:00.0,20.0,165.0,50.0,Bengali,Chinese,Mughlai,1.0,Non-Veg,1.0,50.0,4.0,Both,Comedy,Thriller,Action,Crime,K-Drama,Historical,Hindi,Bengali,English,Netflix,Disney + Hotstar,YouTube,2.0,8.0,0.0,0.0,Puzzle,Racing,Casual,Mobile,PC,Cloud,Never,WhatsApp,Instagram,LinkedIn,120.0,Music,No,Classical,Bollywood,Pop,2.0,Hindi,Bengali,0.0,Sometimes,Biography,Self-Help,Fiction,7.0,500.0,Mixed,4.0,2.0,Beach,Cultural,Road Trip,15000.0,4.0,Painting,Dance,Music Club,Coding Club,4,4,3,4.0,4.0,3
00:00.0,21.0,167.0,55.0,Mexican,Indian,Italian,2.0,Non-Veg,1.0,700.0,3.0,Tea,Scie-fi,Animation,Romance,Anime,Historical,Fantasy,English,Hindi,Others,Netflix,JioCinema,YouTube,1.0,40.0,7.0,20.0,FPS,Strategy,Casual,PC,Mobile,Cloud,Often,WhatsApp,X/Twitter,Reddit,180.0,Memes,No,Lo-fi,EDM,Indie,3.0,English,Hindi,0.0,No,Sci-Fi,Fiction,Fantasy,0.0,500.0,Mostly Offline,2.0,2.0,City,Beach,Road Trip,8000.0,3.0,Music,Painting,Coding Club,Robotics Club,10,3,2,2.0,5.0,4
00:00.0,22.0,166.0,67.0,Indian,Japanese,Bengali,4.0,Jain,5.0,70.0,5.0,Both,Thriller,Animation,Sci-Fi,Crime,Siticom,Anime,English,Hindi,Others,Disney + Hotstar,Prime Video,YouTube,1.0,5.0,7.0,20.0,RPG,FPS,Strategy,PC,Mobile,Cloud,Often,WhatsApp,X/Twitter,Instagram,450.0,Gaming,No,Indie,Pop,Classical,6.0,Bengali,English,2.0,Sometimes,Fiction,Sci-Fi,Non-Fiction,2.0,150.0,Mixed,5.0,4.0,City,Road Trip,Cultural,2500.0,2.0,Coding,Music,Coding Club,Sports Club,38,3,5,4.0,5.0,3
00:00.0,20.0,160.0,100.0,Indian,Japanese,Italian,4.0,Non-Veg,7.0,350.0,3.0,Both,Action,Comedy,Sci-Fi,Anime,Crime,Historical,English,Hindi,Bengali,Netflix,Prime Video,Disney + Hotstar,4.0,25.0,4.0,10.0,Racing,Sports,Strategy,Mobile,PC,Console,Sometimes,Instagram,X/Twitter,WhatsApp,450.0,DIY/Coding,No,Pop,Lo-fi,Rock,6.0,English,Bengali,5.0,Sometimes,Fiction,Tech,Sci-Fi,15.0,1200.0,Mixed,3.0,2.0,Trekking,Beach,Pilgrimage,50000.0,2.0,Cricket,Painting,Coding Club,Robotics Club,25,4,3,3.0,4.0,3
00:00.0,21.0,175.0,77.0,Indian,Bengali,Mughlai,2.0,Non-Veg,10.0,150.0,4.0,Coffee,Comedy,Thriller,Animation,Anime,Crime,Siticom,Hindi,Bengali,English,YouTube,Prime Video,Disney + Hotstar,4.0,25.0,2.0,2.0,Strategy,FPS,MOBA,Console,Mobile,PC,Sometimes,WhatsApp,X/Twitter,LinkedIn,100.0,News,Occasional,Pop,Indie,Rock,3.0,Hindi,English,1.0,Regularly,Self-Help,Tech,Biography,30.0,200.0,Mixed,3.0,10.0,Trekking,Pilgrimage,Beach,10000.0,4.0,Coding,Music,Coding Club,Entrepreneurship Cell,20,3,4,3.0,5.0,3
00:00.0,20.0,152.4,45.0,Italian,Mughlai,Continental,5.0,Non-Veg,2.0,300.0,1.0,Coffee,Thriller,Horror,Romance,Crime,Siticom,Teen,English,Hindi,Others,Netflix,Prime Video,Disney + Hotstar,3.0,10.0,2.0,4.0,Casual,Puzzle,Racing,Mobile,PC,Console,Sometimes,Instagram,WhatsApp,YouTube,200.0,Memes,No,Pop,Bollywood,Rock,2.0,English,Hindi,1.0,Regularly,Fiction,Biography,Fantasy,20.0,0.0,Mostly Offline,5.0,1.0,City,Road Trip,Trekking,15000.0,4.0,Writing,Photography,Literary Club,Literary Club,2,2,3,5.0,3.0,4
00:00.0,20.0,160.0,51.0,Chinese,Indian,Street Food,2.0,Non-Veg,4.0,200.0,3.0,Coffee,Drama,Thriller,Horror,Crime,Historical,K-Drama,English,Others,Bengali,Netflix,Prime Video,Disney + Hotstar,6.0,30.0,0.0,0.0,Puzzle,Casual,Sports,PC,Mobile,PC,Never,Instagram,WhatsApp,YouTube,400.0,Memes,Occasional,Bollywood,Classical,Indie,5.0,English,Hindi,5.0,Regularly,Fiction,Self-Help,Fiction,8.0,2000.0,Mostly Online,5.0,6.0,Trekking,Beach,Road Trip,20000.0,5.0,Dance,Painting,Cultural Club,Coding Club,5,1,2,4.0,4.0,5
00:00.0,20.0,153.0,55.0,Bengali,Korean,Street Food,2.0,Non-Veg,2.0,150.0,3.0,Tea,Horror,Romance,Thriller,K-Drama,Siticom,Crime,English,Hindi,Others,Netflix,Prime Video,Disney + Hotstar,2.0,10.0,1.0,1.0,Puzzle,Casual,Strategy,Mobile,Mobile,Mobile,Sometimes,Instagram,WhatsApp,Snapchat,400.0,Memes,No,Pop,Bollywood,Indie,6.0,English,Other,2.0,Regularly,Fiction,Fantasy,Sci-Fi,9.0,400.0,Mostly Online,3.0,2.0,Trekking,Beach,Road Trip,7000.0,5.0,Dance,Writing,Cultural Club,Music Club,9,3,4,3.0,2.0,3
00:00.0,20.0,160.0,50.0,Indian,South Indian,Chinese,3.0,Veg,2.0,100.0,4.0,Both,Animation,Action,Drama,Anime,Fantasy,Historical,English,Hindi,Others,JioCinema,Disney + Hotstar,YouTube,2.0,30.0,0.0,0.0,Casual,Racing,FPS,Mobile,PC,Console,Never,You Tube,Instagram,Facebook,600.0,Memes,No,Bollywood,Classical,Indie,1.0,Hindi,English,0.0,Sometimes,Fiction,Non-Fiction,Biography,3.0,200.0,Mixed,2.0,0.0,Road trip,City,Cultural,1000.0,1.0,Music,Coding,Coding Club,Drama Club,1,1,1,2.0,1.0,1
00:00.0,20.0,180.0,90.0,Bengali,Indian,Italian,4.0,Non-Veg,3.0,100.0,3.0,Tea,Animation,Sci-fi,Action,Anime,Fantasy,Historical,Bengali,Hindi,English,YouTube,Disney + Hotstar,Prime Video,3.0,21.0,2.0,21.0,Strategy,Sports,Racing,PC,Console,Mobile,Sometimes,You Tube,Facebook,WhatsApp,60.0,Memes,No,Classical,Devotional,Lo-fi,1.0,Bengali,Hindi,1.0,Regularly,Fantasy,Fiction,Sci-Fi,20.0,2000.0,Mixed,2.0,2.0,Cultural,Road Trip,Trekking,15000.0,3.0,Cricket,Writing,Music Club,Entrepreneurship Cell,14,2,3,2.0,3.0,4
00:00.0,20.0,152.0,65.0,Bengali,Mughlai,Street Food,4.0,Non-Veg,6.0,60.0,1.0,Both,Horror,Action,Comedy,Crime,Fantasy,K-Drama,English,Hindi,Bengali,Netflix,Prime Video,YouTube,5.0,3.0,7.0,4.0,MOBA,FPS,Casual,Mobile,PC,Console,Sometimes,WhatsApp,YouTube,Instagram,360.0,Memes,Occasional,Bollywood,Classical,Pop,4.0,Hindi,Tamil,0.0,Regularly,Fiction,Fantasy,Non-Fiction,20.0,500.0,Mixed,5.0,2.0,City,Beach,Road Trip,20000.0,1.0,Coding,Painting,Coding Club,Literary Club,10,4,4,4.0,5.0,3
00:00.0,21.0,170.0,54.0,Bengali,Indian,Mughlai,5.0,Non-Veg,3.0,100.0,3.0,Tea,Drama,Thriller,Animation,K-Drama,Anime,Historical,English,Hindi,Bengali,Prime Video,Netflix,Disney + Hotstar,4.0,7.0,0.0,0.0,Racing,Puzzle,Strategy,PC,Console,Cloud,Sometimes,Instagram,YouTube,Snapchat,240.0,Memes,Occasional,Pop,Bollywood,Classical,3.0,English,Bengali,1.0,Sometimes,Fiction,Self-Help,Non-Fiction,2.0,600.0,Mixed,3.0,1.0,Beach,Road Trip,Cultural,5000.0,2.0,Music,Painting,Cultural Club,Music Club,2,2,2,3.0,4.0,3
00:00.0,20.0,155.0,50.0,Indian,Bengali,Bengali,1.0,Non-Veg,7.0,100.0,4.0,Both,Thriller,Horror,Romance,Fantasy,Crime,Fantasy,Hindi,Bengali,English,Netflix,YouTube,Prime Video,5.0,25.0,0.0,0.0,Casual,Puzzle,Casual,Mobile,Mobile,Mobile,Often,Instagram,WhatsApp,YouTube,300.0,Lifesyle,Regular,Bollywood,Hip-Hop,Lo-fi,6.0,Hindi,Bengali,3.0,Sometimes,Fiction,Fantasy,Self-Help,8.0,2000.0,Mixed,5.0,8.0,Trekking,Beach,Road Trip,100000.0,3.0,Dance,Photography,Music Club,Cultural Club,20,3,2,3.0,2.0,5
00:00.0,23.0,175.0,66.0,Bengali,Street Food,Chinese,2.0,Non-Veg,3.0,150.0,5.0,Both,Action,Romance,Sci-Fi,Fantasy,Crime,Historical,Hindi,Hindi,English,Prime Video,YouTube,SOnyLIV,2.0,3.0,7.0,21.0,FPS,FPS,Strategy,Mobile,Mobile,Mobile,Sometimes,Instagram,WhatsApp,YouTube,30.0,News,No,Lo-fi,Bollywood,EDM,1.0,Hindi,Bengali,0.0,Sometimes,Self-Help,Tech,Biography,3.0,500.0,Mixed,2.0,2.0,Beach,Trekking,Road Trip,8000.0,1.0,Music,Cricket,Music Club,Sports Club,7,4,4,3.0,2.0,1
00:00.0,20.0,181.0,66.0,Bengali,Street Food,Mexican,4.0,Non-Veg,3.0,200.0,5.0,Both,Action,Sci-fi,Thriller,Crime,Siticom,Historical,English,Hindi,Bengali,Netflix,Prime Video,YouTube,2.0,10.0,5.0,5.0,Racing,Sports,Puzzle,Mobile,Mobile,Mobile,Sometimes,Instagram,WhatsApp,YouTube,400.0,Lifesyle,No,Bollywood,Pop,Hip-Hop,6.0,English,Hindi,1.0,Sometimes,Fantasy,Tech,Sci-Fi,2.0,500.0,Mixed,5.0,1.0,Beach,City,Beach,8000.0,4.0,Debate,Coding,Entrepreneurship Cell,Cultural Club,5,4,5,3.0,5.0,5
00:00.0,21.0,182.0,66.0,Indian,Bengali,Continental,4.0,Non-Veg,4.0,299.0,3.0,Tea,Thriller,Sci-fi,Horror,Crime,Crime,Fantasy,English,Hindi,Bengali,Netflix,Prime Video,Disney + Hotstar,5.0,25.0,5.0,4.0,FPS,MOBA,Sports,PC,Mobile,Console,Sometimes,Instagram,YouTube,X/Twitter,120.0,Educational,No,Bollywood,Pop,Lo-fi,1.0,English,Hindi,2.0,Sometimes,Fiction,Non-Fiction,Tech,2.0,1500.0,Mostly Online,5.0,3.0,City,Beach,Road Trip,6000.0,4.0,Cricket,Gym,Sports Club,Coding Club,4,3,3,3.0,3.0,5
00:00.0,19.0,162.56,48.0,Bengali,Indian,Bengali,3.0,Non-Veg,4.0,150.0,2.0,Tea,Thriller,Thriller,Horror,Teen,Historical,Historical,Hindi,English,Hindi,Disney + Hotstar,Disney + Hotstar,YouTube,5.0,3.0,1.0,1.0,Puzzle,Sports,Puzzle,Mobile,Mobile,Mobile,Never,WhatsApp,LinkedIn,Instagram,35.0,Lifesyle,No,Lo-fi,Lo-fi,Lo-fi,4.0,Hindi,Bengali,0.0,Regularly,Biography,Self-Help,Tech,10.0,500.0,Mixed,3.0,5.0,Trekking,Road Trip,Beach,5000.0,4.0,Painting,Badminton,Coding Club,Coding Club,4,4,2,2.0,3.0,5
00:00.0,21.0,150.0,49.0,Bengali,Indian,Korean,4.0,Non-Veg,7.0,100.0,1.0,Coffee,Drama,Horror,Romance,K-Drama,Teen,Anime,English,Hindi,Bengali,Netflix,Disney + Hotstar,Prime Video,2.0,7.0,2.0,1.0,Puzzle,Racing,Casual,Mobile,PC,Mobile,Never,Instagram,Facebook,YouTube,7.0,Lifesyle,Regular,Bollywood,Classical,Pop,1.0,English,Punjabi,6.0,Sometimes,Fiction,Fiction,Fiction,0.0,500.0,Mixed,5.0,2.0,Beach,City,Road Trip,5000.0,3.0,Painting,Photography,Music Club,Cultural Club,10,2,2,3.0,5.0,5
00:00.0,20.0,155.0,49.0,Indian,Chinese,Bengali,4.0,Non-Veg,3.0,200.0,4.0,Both,Romance,Comedy,Thriller,K-Drama,Historical,Fantasy,English,Hindi,Bengali,Netflix,YouTube,Disney + Hotstar,3.0,12.0,1.0,1.0,Puzzle,Racing,Casual,Mobile,PC,Cloud,Never,Instagram,Facebook,WhatsApp,250.0,Memes,Occasional,Bollywood,Lo-fi,Indie,4.0,English,Hindi,0.0,No,Fiction,Tech,Fantasy,5.0,1000.0,Mixed,5.0,4.0,Trekking,Beach,Road Trip,5000.0,5.0,Music,Photography,Drama Club,Music Club,4,3,4,2.0,3.0,5
00:00.0,20.0,171.0,49.0,Street Food,Indian,Vegan,1.0,Non-Veg,6.0,100.0,4.0,Tea,Thriller,Horror,Sci-Fi,Crime,Anime,K-Drama,Hindi,English,Others,Prime Video,Netflix,YouTube,3.0,14.0,5.0,2.0,Racing,Puzzle,Casual,Mobile,Mobile,Cloud,Sometimes,Instagram,YouTube,LinkedIn,180.0,Memes,No,Bollywood,Lo-fi,Hip-Hop,1.0,Hindi,Punjabi,3.0,Sometimes,Self-Help,Sci-Fi,Non-Fiction,7.0,500.0,Mostly Online,2.0,4.0,Road trip,City,Cultural,3000.0,4.0,Writing,Badminton,Music Club,Cultural Club,1,4,5,4.0,5.0,5
00:00.0,19.0,171.0,60.0,Bengali,South Indian,Continental,3.0,Non-Veg,6.0,200.0,5.0,Tea,Romance,Comedy,Action,Fantasy,Crime,Historical,Bengali,Hindi,English,Netflix,SonyLIV,YouTube,5.0,40.0,7.0,45.0,FPS,MOBA,Strategy,Mobile,PC,Cloud,Sometimes,Instagram,WhatsApp,YouTube,260.0,Memes,Occasional,Bollywood,Pop,Lo-fi,2.0,Hindi,Bengali,2.0,Sometimes,Fantasy,Self-Help,Fiction,9.0,999.0,Mostly Offline,4.0,12.0,Road trip,City,Beach,15000.0,2.0,Photography,Theatre,Entrepreneurship Cell,Coding Club,18,4,4,3.0,5.0,4
00:00.0,20.0,150.0,52.0,Bengali,Italian,Chinese,5.0,Non-Veg,3.0,200.0,3.0,Both,Action,Thriller,Sci-Fi,Crime,Teen,Historical,English,Hindi,Bengali,Netflix,Disney + Hotstar,ZEE5,2.0,10.0,1.0,3.0,Racing,Strategy,RPG,Mobile,Mobile,Mobile,Never,WhatsApp,Instagram,YouTube,400.0,Music,Occasional,Rock,Bollywood,Classical,5.0,Bengali,Hindi,2.0,Sometimes,Non-Fiction,Self-Help,Fantasy,5.0,300.0,Mixed,5.0,1.0,Trekking,Pilgrimage,Road Trip,8000.0,4.0,Music,Debate,Music Club,Coding Club,10,5,4,5.0,5.0,5
00:00.0,21.0,165.0,50.0,Indian,Street Food,Italian,5.0,Non-Veg,8.0,200.0,1.0,Coffee,Comedy,Romance,Biopic,Fantasy,Historical,Siticom,English,Hindi,Others,Netflix,Disney + Hotstar,Prime Video,5.0,35.0,1.0,1.0,Racing,Sports,Strategy,Mobile,PC,Console,Never,Instagram,WhatsApp,Snapchat,550.0,Music,No,Bollywood,EDM,Devotional,5.0,Hindi,English,2.0,Regularly,Fiction,Fantasy,Self-Help,50.0,500.0,Mixed,3.0,5.0,Road trip,Trekking,Beach,10000.0,3.0,Cricket,Music,Sports Club,Coding Club,10,3,5,5.0,5.0,1
00:00.0,20.0,179.0,80.0,Indian,Street Food,Street Food,5.0,Eggitarian,2.0,50.0,4.0,Tea,Thriller,Horror,Sci-Fi,Crime,Historical,Teen,Others,Hindi,English,YouTube,Disney + Hotstar,JioCinema,3.0,10.0,7.0,30.0,Strategy,Casual,Sports,Mobile,PC,Console,Sometimes,Instagram,Facebook,YouTube,14.0,Memes,No,Devotional,Classical,Lo-fi,1.0,Hindi,Other,0.0,Sometimes,Fiction,Sci-Fi,Biography,2.0,1500.0,Mixed,4.0,3.0,City,Cultural,Road Trip,5000.0,2.0,Gym,Cricket,Sports Club,Robotics Club,14,4,5,4.0,5.0,4
00:00.0,27.0,164.0,80.0,Italian,Thai,Chinese,5.0,Vegan,10.0,5000.0,5.0,Both,Romance,Animation,Sci-Fi,Teen,K-Drama,Crime,English,Others,Hindi,Netflix,YouTube,Disney + Hotstar,7.0,10.0,7.0,4.0,Racing,Strategy,Casual,PC,Mobile,Console,Sometimes,Reddit,Snapchat,Telegram,180.0,Memes,Regular,EDM,Hip-Hop,Devotional,10.0,English,Hindi,2.0,Sometimes,Sci-Fi,Fantasy,Fiction,10.0,500.0,Mixed,5.0,10.0,Beach,City,Trekking,8000.0,5.0,Football,Music,Drama Club,Coding Club,10,5,5,5.0,1.0,5
00:00.0,21.0,179.0,68.0,Mughlai,Indian,Chinese,4.0,Non-Veg,4.0,400.0,3.0,Tea,Action,Comedy,Thriller,Crime,Historical,Historical,English,Hindi,Bengali,Netflix,Prime Video,JioCinema,2.0,5.0,2.0,3.0,Sports,Racing,Puzzle,Mobile,PC,Cloud,Sometimes,WhatsApp,Instagram,Telegram,180.0,Memes,No,Bollywood,Pop,Lo-fi,2.0,Others,Hindi,0.0,Regularly,Fiction,Non-Fiction,Biography,3.0,2.0,Mixed,3.0,3.0,City,Road Trip,Beach,5000.0,3.0,Cricket,Music,Music Club,Sports Club,10,3,5,3.0,3.0,5
00:00.0,19.0,163.0,62.0,Indian,Chinese,Italian,5.0,Non-Veg,5.0,200.0,5.0,Both,Thriller,Drama,Romance,Crime,Anime,K-Drama,English,Hindi,Bengali,Netflix,Prime Video,YouTube,2.0,5.0,0.0,0.0,Casual,Strategy,Puzzle,PC,Mobile,Cloud,Sometimes,You Tube,X/Twitter,Instagram,11.0,Educational,No,Hip-Hop,Pop,Indie,6.0,English,Hindi,0.0,Sometimes,Fiction,Non-Fiction,Tech,20.0,500.0,Mixed,3.0,1.0,City,Beach,Road Trip,5000.0,1.0,Music,Coding,Music Club,Coding Club,20,3,3,5.0,5.0,2
00:00.0,30.0,200.0,100.0,Mediterranean,Thai,Korean,5.0,Jain,10.0,90000.0,5.0,Neither Tea nor coffee,Horror,Thriller,Animation,Historical,Crime,Anime,Hindi,English,Bengali,Disney + Hotstar,YouTube,ZEE5,1.0,5.0,7.0,4.0,RPG,FPS,Racing,PC,Mobile,Cloud,Often,Instagram,Reddit,Snapchat,180.0,Lifesyle,Regular,Bollywood,Devotional,Rock,10.0,Tamil,Telegu,10.0,No,Fantasy,Biography,Fantasy,0.0,2000.0,Mostly Online,5.0,10.0,Trekking,Cultural,Beach,99999.0,5.0,Football,Yoga,Coding Club,Robotics Club,28,4,2,5.0,4.0,4
00:00.0,21.0,167.7,54.0,Bengali,Italian,Mughlai,5.0,Non-Veg,3.0,50.0,5.0,Both,Thriller,Sci-fi,Comedy,Crime,Fantasy,Siticom,Bengali,English,Hindi,Netflix,Disney + Hotstar,YouTube,5.0,16.0,3.0,7.0,Strategy,Puzzle,Casual,Mobile,Mobile,Mobile,Sometimes,Instagram,WhatsApp,Telegram,150.0,Memes,No,Bollywood,Indie,Devotional,4.0,Bengali,Hindi,0.0,Regularly,Fiction,Fantasy,Sci-Fi,50.0,1500.0,Mostly Offline,5.0,4.0,Beach,Trekking,City,15000.0,3.0,Writing,Cricket,Literary Club,Cultural Club,30,4,4,5.0,5.0,3
00:00.0,20.0,157.48,50.0,Bengali,South Indian,Korean,5.0,Non-Veg,4.0,300.0,3.0,Both,Thriller,Horror,Drama,Crime,K-Drama,Teen,Bengali,Hindi,English,YouTube,Netflix,Disney + Hotstar,2.0,20.0,0.0,1.0,Sports,Racing,Puzzle,Mobile,Mobile,Mobile,Sometimes,Instagram,WhatsApp,YouTube,200.0,Educational,Occasional,Bollywood,Indie,Devotional,2.0,Hindi,Bengali,0.0,Sometimes,Fiction,Tech,Sci-Fi,2.0,5.0,Mixed,3.0,1.0,City,Beach,Trekking,30000.0,3.0,Music,Coding,Music Club,Coding Club,30,1,5,5.0,2.0,5
00:00.0,20.0,150.0,80.0,Bengali,South Indian,Bengali,2.0,Non-Veg,6.0,150.0,2.0,Coffee,Animation,Horror,Animation,Historical,Anime,Siticom,English,Marathi,Telegu,JioCinema,Prime Video,SOnyLIV,4.0,2.0,4.0,30.0,Racing,Sports,FPS,PC,Cloud,PC,Often,Facebook,Snapchat,Instagram,500.0,DIY/Coding,Occasional,Hip-Hop,Indie,Lo-fi,10.0,Hindi,English,2.0,No,Non-Fiction,Fantasy,Biography,40.0,1000.0,Mixed,2.0,7.0,City,City,Road Trip,50000.0,2.0,Badminton,Painting,Music Club,Cultural Club,30,1,2,4.0,5.0,3
00:00.0,20.0,178.0,70.0,Indian,Mughlai,Chinese,3.0,Non-Veg,2.0,100.0,3.0,Tea,Action,Comedy,Sci-Fi,Crime,Historical,Anime,Hindi,English,Bengali,Netflix,Disney + Hotstar,YouTube,2.0,15.0,0.0,0.0,Sports,Racing,Casual,Mobile,PC,Mobile,Never,You Tube,LinkedIn,WhatsApp,240.0,Memes,Occasional,Bollywood,Hip-Hop,Lo-fi,2.0,Hindi,Bengali,2.0,Regularly,Fiction,Sci-Fi,Fantasy,5.0,40.0,Mixed,3.0,4.0,Trekking,Beach,Road Trip,5000.0,3.0,Music,Photography,Music Club,Drama Club,5,4,4,3.0,4.0,3
00:00.0,20.0,178.0,73.0,Indian,Mughlai,Street Food,3.0,Non-Veg,1.0,100.0,4.0,Tea,Thriller,Sci-fi,Action,Fantasy,Crime,Historical,English,Hindi,Others,Netflix,Prime Video,Disney + Hotstar,2.0,10.0,1.0,2.0,Sports,Racing,Strategy,Mobile,Mobile,Cloud,Sometimes,Instagram,YouTube,Facebook,120.0,Educational,Occasional,Bollywood,Classical,Devotional,1.0,Hindi,English,0.0,Sometimes,Self-Help,Tech,Fiction,3.0,600.0,Mostly Online,3.0,2.0,City,Road Trip,City,2000.0,2.0,Coding,Football,Coding Club,Sports Club,7,2,4,2.0,4.0,4
00:00.0,21.0,165.0,71.0,Chinese,Indian,Bengali,1.0,Non-Veg,10.0,250.0,5.0,Both,Romance,Action,Comedy,Fantasy,Historical,Crime,Hindi,English,English,Disney + Hotstar,JioCinema,SOnyLIV,2.0,4.0,7.0,4.0,FPS,Casual,Racing,Mobile,PC,Console,Never,Instagram,YouTube,Facebook,100.0,Lifesyle,Occasional,Bollywood,Lo-fi,Devotional,1.0,Hindi,Hindi,2.0,Sometimes,Tech,Fiction,Self-Help,0.0,500.0,Mixed,3.0,4.0,Trekking,Beach,Pilgrimage,10000.0,2.0,Music,Cricket,Coding Club,Robotics Club,2,4,5,5.0,4.0,3
00:00.0,20.0,163.0,57.0,Indian,Korean,Street Food,4.0,Veg,2.0,500.0,1.0,Tea,Romance,Comedy,Thriller,Fantasy,K-Drama,Teen,English,Hindi,Others,Netflix,Disney + Hotstar,YouTube,3.0,30.0,2.0,10.0,Puzzle,Racing,Casual,Mobile,Cloud,PC,Never,WhatsApp,Instagram,Snapchat,360.0,Music,No,Bollywood,Hip-Hop,Lo-fi,6.0,English,Hindi,1.0,No,Fantasy,Self-Help,Fiction,0.0,1000.0,Mostly Online,3.0,4.0,Road trip,City,Road Trip,5000.0,4.0,Music,Theatre,Music Club,Drama Club,1,3,5,2.0,5.0,3
00:00.0,20.0,162.0,46.0,Bengali,Indian,Street Food,5.0,Non-Veg,10.0,150.0,2.0,Both,Thriller,Romance,Comedy,Crime,Fantasy,Teen,Bengali,Hindi,English,Netflix,YouTube,Prime Video,3.0,15.0,1.0,4.0,Racing,Puzzle,Casual,Mobile,PC,Console,Never,WhatsApp,Instagram,LinkedIn,300.0,News,No,Bollywood,Classical,Pop,8.0,Hindi,Bengali,2.0,Sometimes,Non-Fiction,Fantasy,Biography,24.0,500.0,Mixed,3.0,5.0,Trekking,Road Trip,Beach,5000.0,1.0,Dance,Hackathons,Cultural Club,Coding Club,28,4,5,3.0,4.0,3
00:00.0,20.0,165.0,55.0,Indian,Indian,Continental,4.0,Non-Veg,1.0,150.0,4.0,Both,Action,Comedy,Biopic,Crime,Anime,Fantasy,Hindi,Bengali,English,Disney + Hotstar,YouTube,Prime Video,4.0,24.0,1.0,4.0,Sports,Puzzle,FPS,Mobile,Mobile,Mobile,Sometimes,Instagram,X/Twitter,Facebook,4.0,Memes,No,Bollywood,Classical,Indie,1.0,Bengali,Hindi,2.0,Sometimes,Biography,Self-Help,Fantasy,5.0,400.0,Mixed,3.0,2.0,Beach,City,Road Trip,70000.0,5.0,Cricket,Photography,Sports Club,Drama Club,15,1,4,3.0,4.0,5
00:00.0,20.0,167.0,90.0,Indian,Mughlai,Chinese,3.0,Non-Veg,1.0,500.0,2.0,Both,Horror,Comedy,Thriller,Crime,Fantasy,Siticom,English,Hindi,Bengali,Netflix,Prime Video,ZEE5,5.0,20.0,2.0,10.0,Racing,Casual,Puzzle,Mobile,PC,Cloud,Often,Instagram,WhatsApp,YouTube,500.0,Music,No,Bollywood,Classical,Devotional,4.0,English,Hindi,1.0,Regularly,Fantasy,Non-Fiction,Self-Help,15.0,2000.0,Mostly Offline,4.0,10.0,Beach,Road Trip,Cultural,8000.0,4.0,Dance,Music,Cultural Club,Music Club,25,1,2,3.0,2.0,4
00:00.0,22.0,173.0,72.0,Bengali,Indian,Vegan,3.0,Veg,4.0,100.0,3.0,Both,Action,Horror,Comedy,Crime,Historical,Anime,English,Bengali,Hindi,Netflix,Disney + Hotstar,YouTube,3.0,10.0,4.0,10.0,MOBA,RPG,FPS,Mobile,PC,Console,Often,WhatsApp,Instagram,YouTube,100.0,DIY/Coding,No,Bollywood,Classical,Devotional,3.0,Bengali,Hindi,0.0,Sometimes,Fiction,Tech,Sci-Fi,5.0,500.0,Mostly Online,3.0,4.0,Beach,Road Trip,City,4000.0,3.0,Cricket,Music,Sports Club,Music Club,10,3,3,3.0,3.0,3
00:00.0,21.0,170.0,60.0,Bengali,Indian,Continental,3.0,Non-Veg,4.0,100.0,3.0,Both,Action,Drama,Comedy,Anime,Fantasy,Crime,Bengali,English,Hindi,YouTube,Netflix,JioCinema,0.0,20.0,6.0,30.0,FPS,Puzzle,Sports,Mobile,PC,Console,Often,Instagram,WhatsApp,YouTube,200.0,Memes,No,Classical,Rock,Lo-fi,2.0,Bengali,Punjabi,0.0,No,Fiction,Non-Fiction,Tech,25.0,1000.0,Mixed,1.0,5.0,Trekking,Pilgrimage,Road Trip,2000.0,3.0,Robotics,Photography,Robotics Club,Drama Club,20,3,1,2.0,3.0,3
00:00.0,21.0,180.0,85.0,Mughlai,Indian,Bengali,3.0,Non-Veg,3.0,500.0,3.0,Both,Horror,Thriller,Comedy,Anime,Crime,Fantasy,English,Hindi,Bengali,Netflix,Disney + Hotstar,YouTube,7.0,35.0,7.0,7.0,FPS,Strategy,Casual,Mobile,PC,Console,Sometimes,You Tube,Reddit,Instagram,90.0,Memes,No,Indie,Classical,Pop,2.0,Hindi,Bengali,0.0,Sometimes,Fiction,Fantasy,Non-Fiction,23.0,500.0,Mixed,3.0,12.0,City,Road Trip,Cultural,10000.0,3.0,Music,Photography,Music Club,Coding Club,10,2,3,3.0,4.0,3
00:00.0,20.0,166.0,58.0,Indian,Chinese,Korean,4.0,Non-Veg,1.0,300.0,2.0,Both,Thriller,Action,Animation,Anime,Historical,Fantasy,Hindi,English,Bengali,YouTube,Disney + Hotstar,SOnyLIV,0.0,4.0,0.0,0.0,Sports,Racing,Puzzle,Console,Mobile,Mobile,Never,WhatsApp,LinkedIn,Telegram,15.0,Educational,Occasional,Devotional,Pop,Rock,1.0,English,Hindi,2.0,Sometimes,Fiction,Non-Fiction,Fantasy,6.0,0.0,Mostly Online,2.0,0.0,Road trip,Beach,Cultural,50000.0,1.0,Badminton,Music,Robotics Club,Entrepreneurship Cell,3,3,3,2.0,3.0,1
00:00.0,20.0,176.0,70.0,Indian,South Indian,Italian,4.0,Vegan,1.0,99.0,5.0,Both,Scie-fi,Action,Thriller,Crime,Crime,Fantasy,Hindi,English,English,Netflix,Prime Video,YouTube,0.0,2.0,0.0,0.0,Strategy,Puzzle,Racing,PC,PC,Mobile,Never,You Tube,LinkedIn,WhatsApp,99.0,Educational,Regular,Classical,Bollywood,Rock,1.0,Hindi,English,0.0,Regularly,Self-Help,Tech,Biography,10.0,100.0,Mixed,1.0,2.0,Road trip,Trekking,Cultural,10000.0,3.0,Photography,Theatre,Coding Club,Entrepreneurship Cell,5,5,5,5.0,5.0,3
00:00.0,20.0,182.0,55.0,Bengali,Italian,Mexican,5.0,Non-Veg,5.0,400.0,5.0,Tea,Thriller,Action,Sci-Fi,Anime,Crime,Fantasy,Bengali,English,Hindi,Netflix,Prime Video,Disney + Hotstar,2.0,4.0,7.0,1.0,Sports,RPG,Racing,Mobile,PC,Console,Sometimes,WhatsApp,Instagram,LinkedIn,6.0,DIY/Coding,Regular,EDM,Lo-fi,Classical,4.0,English,Bengali,3.0,Sometimes,Tech,Fantasy,Fantasy,2.0,100.0,Mixed,4.0,4.0,Beach,Pilgrimage,Road Trip,70000.0,3.0,Hackathons,Coding,Coding Club,Robotics Club,30,3,4,4.0,5.0,3
00:00.0,22.0,170.0,52.0,Bengali,Indian,Street Food,2.0,Veg,3.0,50.0,3.0,Tea,Thriller,Comedy,Romance,Crime,Crime,Historical,Hindi,Hindi,Bengali,YouTube,Disney + Hotstar,Netflix,1.0,10.0,0.0,0.0,Casual,Casual,Casual,Mobile,Mobile,Mobile,Never,You Tube,WhatsApp,Facebook,300.0,Music,No,Bollywood,Classical,Devotional,2.0,Bengali,Hindi,0.0,Regularly,Fiction,Non-Fiction,Tech,12.0,300.0,Mixed,3.0,2.0,Road trip,Beach,Trekking,1000.0,2.0,Cricket,Football,Cultural Club,Sports Club,8,3,3,4.0,4.0,3
00:00.0,21.0,170.0,47.0,Bengali,Chinese,Indian,3.0,Non-Veg,1.0,35.0,3.0,Tea,Drama,Comedy,Thriller,Crime,Anime,Historical,Hindi,English,Others,Netflix,Prime Video,Disney + Hotstar,3.0,30.0,5.0,10.0,Strategy,FPS,Casual,Mobile,Mobile,Mobile,Never,You Tube,Instagram,Telegram,190.0,Educational,No,Pop,Bollywood,Classical,1.0,Hindi,Punjabi,1.0,Sometimes,Tech,Tech,Tech,5.0,50.0,Mostly Offline,3.0,3.0,Beach,City,Cultural,1000.0,2.0,Football,Coding,Sports Club,Sports Club,9,4,4,5.0,5.0,3
00:00.0,23.0,182.0,75.0,Bengali,Indian,Chinese,5.0,Non-Veg,1.0,50.0,5.0,Both,Action,Romance,Horror,Historical,Fantasy,Crime,Hindi,English,Bengali,Netflix,YouTube,Disney + Hotstar,5.0,20.0,3.0,40.0,Sports,MOBA,Racing,Mobile,PC,Cloud,Sometimes,WhatsApp,YouTube,Instagram,500.0,Memes,No,Indie,Classical,Bollywood,5.0,English,Hindi,6.0,No,Tech,Self-Help,Non-Fiction,30.0,500.0,Mixed,4.0,2.0,Trekking,Road Trip,Cultural,2000.0,2.0,Photography,Coding,Coding Club,Sports Club,30,3,4,4.0,3.0,5
00:00.0,21.0,180.0,68.0,Bengali,Indian,Street Food,4.0,Non-Veg,3.0,100.0,3.0,Coffee,Animation,Romance,Comedy,Anime,Crime,Historical,English,Hindi,Bengali,YouTube,Disney + Hotstar,JioCinema,4.0,14.0,7.0,1.0,Sports,Casual,Strategy,Mobile,PC,Console,Sometimes,WhatsApp,Telegram,YouTube,90.0,Music,Occasional,Indie,Classical,Bollywood,1.0,Hindi,Bengali,0.0,Sometimes,Self-Help,Fiction,Non-Fiction,4.0,500.0,Mostly Online,5.0,1.0,Road trip,City,Beach,2000.0,1.0,Cricket,Coding,Sports Club,Coding Club,4,1,3,3.0,4.0,3
00:00.0,21.0,167.0,110.0,Indian,South Indian,Bengali,5.0,Non-Veg,1.0,200.0,3.0,Both,Action,Documentary,Biopic,Historical,Crime,Fantasy,English,Bengali,Others,YouTube,JioCinema,Disney + Hotstar,0.0,1.0,1.0,1.0,FPS,Strategy,Casual,Mobile,PC,Cloud,Never,You Tube,Facebook,Instagram,300.0,News,No,Bollywood,Hip-Hop,EDM,2.0,Hindi,English,0.0,Sometimes,Self-Help,Tech,Biography,4.0,500.0,Mostly Online,5.0,1.0,City,Pilgrimage,Road Trip,1000.0,3.0,Gym,Photography,Literary Club,Cultural Club,4,5,3,4.0,5.0,1
00:00.0,21.0,170.0,60.0,Bengali,Indian,Chinese,5.0,Non-Veg,2.0,200.0,1.0,Tea,Animation,Comedy,Sci-Fi,Anime,Historical,Crime,Bengali,English,Hindi,Prime Video,Netflix,Disney + Hotstar,2.0,24.0,7.0,28.0,FPS,Sports,Casual,Mobile,PC,Console,Often,WhatsApp,YouTube,X/Twitter,180.0,Memes,No,Bollywood,Classical,Pop,2.0,Bengali,Hindi,2.0,Sometimes,Sci-Fi,Fiction,Fantasy,5.0,150.0,Mixed,1.0,1.0,Trekking,Pilgrimage,Cultural,10000.0,4.0,Football,Cricket,Sports Club,Coding Club,4,3,5,3.0,5.0,2
00:00.0,21.0,180.0,62.0,Bengali,Street Food,Chinese,3.0,Non-Veg,1.0,100.0,5.0,Both,Thriller,Biopic,Comedy,Crime,Historical,Siticom,Hindi,Bengali,English,Disney + Hotstar,Prime Video,SOnyLIV,1.0,3.0,3.0,7.0,FPS,Sports,Strategy,Mobile,PC,Console,Sometimes,Instagram,YouTube,WhatsApp,80.0,Memes,Regular,Bollywood,Classical,Rock,2.0,Bengali,Hindi,1.0,No,Biography,Self-Help,Tech,1.0,300.0,Mixed,5.0,1.0,Trekking,Road Trip,City,8000.0,1.0,Cricket,Gym,Sports Club,Entrepreneurship Cell,20,5,5,5.0,5.0,5
00:00.0,20.0,183.0,58.0,Bengali,Street Food,Indian,3.0,Veg,1.0,130.0,3.0,Tea,Horror,Comedy,Animation,Historical,Crime,Anime,Bengali,English,Hindi,YouTube,Disney + Hotstar,ZEE5,1.0,1.0,0.0,0.0,Racing,Casual,Sports,Mobile,PC,Cloud,Never,You Tube,WhatsApp,LinkedIn,3.0,Music,Regular,Bollywood,Classical,Devotional,2.0,Hindi,Bengali,1.0,Sometimes,Sci-Fi,Fiction,Biography,0.0,0.0,Mixed,1.0,2.0,Pilgrimage,Cultural,Road Trip,8000.0,1.0,Music,Badminton,Music Club,Cultural Club,0,3,4,5.0,5.0,5
00:00.0,20.0,180.0,80.0,Indian,Street Food,Bengali,2.0,Non-Veg,1.0,100.0,5.0,Coffee,Thriller,Horror,Romance,Crime,Historical,Fantasy,Hindi,English,Others,Netflix,Disney + Hotstar,Prime Video,1.0,5.0,2.0,6.0,FPS,Casual,Puzzle,Mobile,PC,Console,Sometimes,WhatsApp,Instagram,X/Twitter,200.0,Gaming,Occasional,Hip-Hop,Devotional,Indie,1.0,Hindi,English,0.0,Sometimes,Self-Help,Fiction,Non-Fiction,1.0,0.0,Mostly Offline,1.0,2.0,Road trip,City,Cultural,3000.0,3.0,Music,Hackathons,Entrepreneurship Cell,Coding Club,10,3,3,3.0,3.0,1
00:00.0,20.0,178.0,72.0,Indian,South Indian,Street Food,4.0,Non-Veg,1.0,50.0,3.0,Coffee,Scie-fi,Action,Comedy,Anime,Fantasy,Crime,English,Hindi,Bengali,Disney + Hotstar,YouTube,ZEE5,0.0,0.0,7.0,50.0,FPS,RPG,Racing,PC,Mobile,Console,Never,WhatsApp,Instagram,YouTube,60.0,Memes,No,Bollywood,Pop,Rock,10.0,English,Hindi,0.0,Regularly,Sci-Fi,Non-Fiction,Self-Help,41.0,0.0,Mixed,1.0,2.0,Beach,Trekking,Road Trip,15000.0,1.0,Gym,Music,Sports Club,Music Club,15,5,5,5.0,5.0,1
00:00.0,21.0,160.0,53.0,Bengali,Street Food,Indian,2.0,Non-Veg,1.0,100.0,3.0,Both,Comedy,Horror,Drama,Crime,K-Drama,Historical,Bengali,Hindi,English,Netflix,JioCinema,YouTube,2.0,10.0,1.0,2.0,Sports,Puzzle,Casual,Mobile,PC,Console,Never,Instagram,Facebook,LinkedIn,200.0,Lifesyle,No,Bollywood,Classical,Devotional,1.0,Bengali,Hindi,0.0,Sometimes,Biography,Fiction,Self-Help,20.0,1500.0,Mixed,3.0,4.0,Trekking,Beach,City,40000.0,3.0,Painting,Music,Cultural Club,Coding Club,15,2,1,3.0,3.0,5
00:00.0,22.0,174.0,82.0,Indian,Indian,Indian,1.0,Non-Veg,2.0,399.0,1.0,Coffee,Action,Action,Action,Crime,Crime,Crime,Hindi,Hindi,Hindi,YouTube,YouTube,YouTube,0.0,5.0,7.0,5.0,Sports,Sports,Sports,Mobile,Mobile,Mobile,Sometimes,Instagram,WhatsApp,Facebook,40.0,News,No,Bollywood,Bollywood,Bollywood,1.0,Hindi,Bengali,0.0,Regularly,Biography,Self-Help,Tech,25.0,1000.0,Mixed,3.0,2.0,Beach,City,Beach,10000.0,3.0,Cricket,Gym,Sports Club,Sports Club,35,3,5,3.0,5.0,4
00:00.0,20.0,174.0,51.0,Indian,Bengali,Italian,3.0,Non-Veg,2.0,200.0,3.0,Tea,Romance,Thriller,Drama,Fantasy,Anime,Crime,Hindi,English,Bengali,Netflix,Disney + Hotstar,Prime Video,1.0,2.0,4.0,4.0,FPS,MOBA,Sports,Mobile,PC,Console,Often,Instagram,WhatsApp,YouTube,300.0,Memes,Occasional,Hip-Hop,Bollywood,Classical,5.0,English,Hindi,2.0,Sometimes,Non-Fiction,Tech,Sci-Fi,1.0,500.0,Mostly Online,5.0,5.0,Pilgrimage,Beach,City,7000.0,5.0,Photography,Cricket,Drama Club,Cultural Club,5,4,4,5.0,3.0,4
00:00.0,21.0,186.0,79.0,South Indian,Bengali,Vegan,2.0,Non-Veg,1.0,150.0,2.0,Coffee,Thriller,Romance,Sci-Fi,Historical,Fantasy,Crime,Tamil,English,English,Netflix,Prime Video,SOnyLIV,3.0,20.0,0.0,1.0,Sports,Racing,MOBA,Mobile,PC,Cloud,Often,WhatsApp,YouTube,Instagram,120.0,Educational,Occasional,Hip-Hop,Classical,Bollywood,1.0,English,Hindi,2.0,Regularly,Biography,Sci-Fi,Self-Help,10.0,1500.0,Mostly Online,5.0,1.0,Road trip,Beach,City,15000.0,5.0,Football,Cricket,Sports Club,Music Club,40,5,5,5.0,2.0,5
00:00.0,20.0,173.74,57.0,Bengali,Indian,Street Food,2.0,Non-Veg,6.0,70.0,3.0,Both,Scie-fi,Comedy,Biopic,Crime,Fantasy,Historical,English,Hindi,Bengali,Netflix,Disney + Hotstar,YouTube,2.0,20.0,2.0,2.0,Puzzle,Strategy,Casual,Mobile,PC,Console,Sometimes,Instagram,WhatsApp,YouTube,300.0,News,No,Bollywood,Hip-Hop,Indie,2.0,Hindi,English,3.0,Sometimes,Biography,Sci-Fi,Fantasy,4.0,2000.0,Mixed,3.0,3.0,City,Beach,Road Trip,8000.0,2.0,Writing,Debate,Cultural Club,Sports Club,10,2,4,4.0,3.0,3
00:00.0,21.0,186.0,80.0,Bengali,Indian,Chinese,4.0,Non-Veg,1.0,100.0,3.0,Both,Scie-fi,Animation,Comedy,Fantasy,Anime,Crime,English,Hindi,Bengali,Disney + Hotstar,Netflix,Prime Video,2.0,10.0,5.0,40.0,FPS,RPG,Racing,PC,Mobile,Cloud,Sometimes,Instagram,WhatsApp,Reddit,150.0,Memes,No,Rock,Bollywood,Pop,2.0,Bengali,Hindi,1.0,Sometimes,Fiction,Fantasy,Self-Help,2.0,500.0,Mostly Online,3.0,1.0,Beach,City,Road Trip,20000.0,3.0,Music,Coding,Coding Club,Music Club,5,4,4,3.0,4.0,5
00:00.0,21.0,165.0,55.0,Indian,Bengali,Mughlai,1.0,Non-Veg,2.0,350.0,4.0,Coffee,Action,Thriller,Romance,Historical,Crime,Fantasy,English,Hindi,Bengali,Disney + Hotstar,Netflix,Prime Video,2.0,10.0,4.0,1.0,FPS,Strategy,Strategy,Mobile,Console,PC,Sometimes,WhatsApp,Instagram,LinkedIn,150.0,Educational,No,Bollywood,Devotional,Rock,1.0,Bengali,English,0.0,Sometimes,Self-Help,Fiction,Tech,2.0,1000.0,Mixed,3.0,0.0,Pilgrimage,City,Beach,6000.0,5.0,Cricket,Photography,Sports Club,Coding Club,2,3,3,4.0,4.0,5
00:00.0,21.0,178.0,68.0,Italian,Italian,Japanese,4.0,Non-Veg,1.0,54.0,3.0,Coffee,Comedy,Horror,Animation,Anime,Historical,Anime,Hindi,English,Bengali,YouTube,Netflix,Prime Video,2.0,9.0,5.0,12.0,RPG,Sports,FPS,PC,Console,Mobile,Sometimes,You Tube,YouTube,WhatsApp,124.0,Gaming,No,Indie,Lo-fi,Pop,2.0,English,Hindi,1.0,Regularly,Fiction,Sci-Fi,Biography,7.0,600.0,Mixed,4.0,1.0,Trekking,Cultural,City,12000.0,3.0,Football,Gym,Sports Club,Cultural Club,13,2,4,4.0,5.0,1
00:00.0,20.0,170.0,80.0,Indian,Italian,Mexican,2.0,Non-Veg,1.0,10000.0,2.0,Coffee,Action,Romance,Sci-Fi,Crime,Siticom,Historical,English,Hindi,Bengali,Netflix,Disney + Hotstar,Prime Video,1.0,5.0,4.0,10.0,FPS,Racing,Sports,PC,Mobile,Console,Sometimes,Instagram,WhatsApp,YouTube,200.0,News,No,Bollywood,Classical,Indie,5.0,English,Hindi,6.0,Sometimes,Non-Fiction,Biography,Tech,10.0,500.0,Mostly Offline,2.0,2.0,City,Beach,Trekking,45000.0,3.0,Photography,Cricket,Sports Club,Robotics Club,5,1,4,4.0,5.0,5
00:00.0,20.0,180.0,58.0,Indian,Chinese,Street Food,1.0,Non-Veg,1.0,120.0,1.0,Both,Action,Sci-fi,Biopic,Fantasy,Historical,Teen,Bengali,Hindi,Others,YouTube,Disney + Hotstar,ZEE5,0.0,6.0,1.0,4.0,Casual,FPS,MOBA,Mobile,PC,Cloud,Sometimes,WhatsApp,Instagram,YouTube,600.0,Music,Occasional,Rock,Indie,EDM,8.0,Hindi,Bengali,0.0,Sometimes,Tech,Sci-Fi,Self-Help,10.0,10.0,Mixed,1.0,1.0,Cultural,City,Beach,1000.0,2.0,Music,Photography,Music Club,Cultural Club,15,1,3,3.0,4.0,3
00:00.0,19.0,177.0,70.0,Bengali,Indian,Street Food,3.0,Non-Veg,2.0,250.0,3.0,Tea,Romance,Thriller,Action,Crime,Historical,Fantasy,Bengali,English,Hindi,YouTube,Disney + Hotstar,ZEE5,4.0,7.0,7.0,15.0,Strategy,RPG,Casual,Mobile,Mobile,Mobile,Never,Instagram,YouTube,WhatsApp,8.0,Educational,Occasional,Bollywood,Lo-fi,Classical,1.0,Hindi,English,0.0,Sometimes,Self-Help,Biography,Fantasy,8.0,900.0,Mostly Online,2.0,1.0,City,Road Trip,Beach,9000.0,3.0,Cricket,Gym,Sports Club,Entrepreneurship Cell,15,1,4,3.0,4.0,3
00:00.0,20.0,173.0,80.0,Mughlai,Indian,Chinese,5.0,Non-Veg,1.0,150.0,2.0,Both,Scie-fi,Animation,Action,Anime,Crime,Historical,English,Others,Bengali,Disney + Hotstar,YouTube,Netflix,0.0,0.0,7.0,20.0,RPG,FPS,Racing,Mobile,PC,Cloud,Sometimes,Instagram,WhatsApp,LinkedIn,80.0,Memes,Occasional,Bollywood,Rock,Classical,1.0,English,Bengali,0.0,Sometimes,Fiction,Sci-Fi,Tech,50.0,500.0,Mostly Online,3.0,1.0,Beach,Trekking,City,10000.0,3.0,Painting,Gym,Music Club,Coding Club,10,3,4,4.0,4.0,2
00:00.0,20.0,175.0,70.0,Bengali,Mexican,Vegan,5.0,Eggitarian,1.0,100.0,1.0,Tea,Documentary,Horror,Biopic,Crime,Teen,Fantasy,English,Malayalam,Bengali,Netflix,Prime Video,SOnyLIV,0.0,2.0,2.0,1.0,Racing,Strategy,Casual,Mobile,Cloud,PC,Sometimes,WhatsApp,Telegram,LinkedIn,30.0,Educational,No,Classical,Rock,Devotional,0.0,English,Tamil,2.0,Sometimes,Tech,Sci-Fi,Biography,18.0,0.0,Mostly Offline,1.0,3.0,Beach,Trekking,Cultural,10000.0,2.0,Debate,Coding,Coding Club,Sports Club,20,3,5,3.0,4.0,3
00:00.0,20.0,152.0,65.0,Bengali,Indian,Japanese,5.0,Non-Veg,1.0,500.0,1.0,Both,Action,Sci-fi,Horror,Crime,Fantasy,Historical,English,Hindi,Bengali,Netflix,Prime Video,Disney + Hotstar,7.0,40.0,7.0,50.0,FPS,MOBA,RPG,Mobile,PC,Console,Often,You Tube,WhatsApp,Instagram,0.0,Music,No,Indie,Pop,Rock,10.0,English,Other,0.0,Regularly,Fiction,Non-Fiction,Fiction,10.0,1500.0,Mostly Online,3.0,3.0,City,Trekking,Beach,2000.0,3.0,Painting,Cricket,Coding Club,Robotics Club,30,5,5,5.0,5.0,5
00:00.0,21.0,185.0,40.0,Indian,Indian,Indian,3.0,Veg,3.0,99.0,2.0,Both,Comedy,Drama,Comedy,Historical,Historical,Historical,Hindi,English,Hindi,Zee5,Netflix,JioCinema,1.0,2.0,0.0,0.0,Puzzle,Sports,Puzzle,Mobile,Mobile,Mobile,Never,Instagram,WhatsApp,YouTube,200.0,Educational,No,Bollywood,Classical,Pop,1.0,Bengali,Hindi,1.0,No,Fiction,Fiction,Fiction,0.0,2000.0,Mixed,1.0,0.0,Beach,Pilgrimage,Road Trip,1000.0,3.0,Painting,Music,Coding Club,Robotics Club,10,2,3,4.0,5.0,3
00:00.0,20.0,174.0,60.0,Bengali,Indian,Chinese,4.0,Non-Veg,4.0,300.0,3.0,Tea,Romance,Action,Sci-Fi,Crime,Historical,Teen,English,Hindi,Bengali,Prime Video,Prime Video,YouTube,6.0,25.0,3.0,4.0,Racing,Sports,Casual,Mobile,PC,Mobile,Often,Instagram,WhatsApp,YouTube,450.0,Memes,No,Classical,Indie,Bollywood,4.0,Hindi,English,0.0,Sometimes,Fiction,Sci-Fi,Fiction,3.0,0.0,Mostly Offline,3.0,3.0,Trekking,Road Trip,Beach,5000.0,5.0,Football,Writing,Coding Club,Robotics Club,10,3,5,5.0,5.0,5
00:00.0,20.0,160.0,65.0,Indian,Chinese,Street Food,3.0,Non-Veg,1.0,400.0,4.0,Both,Thriller,Horror,Documentary,Crime,Historical,Teen,English,Hindi,Bengali,Prime Video,Netflix,Disney + Hotstar,3.0,15.0,2.0,6.0,Sports,Puzzle,MOBA,Console,Mobile,Mobile,Sometimes,WhatsApp,Instagram,YouTube,250.0,News,No,Classical,Bollywood,Indie,2.0,Hindi,Bengali,0.0,Regularly,Sci-Fi,Fiction,Biography,25.0,1000.0,Mixed,4.0,5.0,Trekking,Road Trip,Beach,50000.0,5.0,Badminton,Dance,Sports Club,Drama Club,10,2,5,5.0,5.0,3
00:00.0,22.0,152.0,53.0,Bengali,Chinese,Mughlai,4.0,Non-Veg,1.0,200.0,1.0,Neither Tea nor coffee,Thriller,Horror,Comedy,Crime,K-Drama,Anime,English,English,Bengali,Netflix,Prime Video,YouTube,1.0,30.0,0.0,0.0,Racing,Puzzle,Casual,Mobile,PC,Cloud,Sometimes,WhatsApp,YouTube,Facebook,60.0,Educational,Occasional,Bollywood,Lo-fi,Rock,1.0,Hindi,English,1.0,Sometimes,Fiction,Sci-Fi,Non-Fiction,20.0,500.0,Mixed,1.0,0.0,Beach,City,Road Trip,3000.0,1.0,Dance,Photography,Cultural Club,Coding Club,30,5,3,3.0,4.0,5
00:00.0,21.0,172.0,89.0,Indian,Mughlai,Chinese,3.0,Non-Veg,2.0,499.0,3.0,Both,Scie-fi,Action,Thriller,Fantasy,Crime,Anime,Hindi,English,Bengali,Netflix,Disney + Hotstar,Prime Video,3.0,28.0,7.0,28.0,Sports,FPS,Racing,PC,Mobile,Cloud,Sometimes,WhatsApp,Instagram,YouTube,240.0,Memes,Occasional,Bollywood,Rock,Lo-fi,3.0,Hindi,English,1.0,Sometimes,Fantasy,Fiction,Sci-Fi,2.0,500.0,Mostly Offline,3.0,2.0,Trekking,Beach,Cultural,70000.0,4.0,Coding,Photography,Coding Club,Sports Club,16,4,4,5.0,5.0,4
00:00.0,20.0,160.0,44.0,Indian,Bengali,Chinese,3.0,Non-Veg,1.0,299.0,3.0,Both,Thriller,Horror,Drama,Crime,K-Drama,Fantasy,Bengali,Hindi,English,Netflix,Prime Video,Disney + Hotstar,0.0,4.0,2.0,1.0,Puzzle,Casual,Racing,Mobile,PC,Cloud,Never,Instagram,WhatsApp,LinkedIn,300.0,Memes,No,Bollywood,Classical,Rock,5.0,Bengali,Hindi,3.0,Sometimes,Fantasy,Fiction,Self-Help,8.0,1000.0,Mixed,3.0,3.0,Beach,City,Cultural,1500.0,3.0,Painting,Photography,Cultural Club,Coding Club,3,3,3,4.0,5.0,3
00:00.0,22.0,180.0,72.0,Bengali,Indian,Chinese,2.0,Non-Veg,2.0,200.0,3.0,Coffee,Action,Romance,Comedy,Historical,Crime,Historical,Bengali,Hindi,English,Netflix,Prime Video,ZEE5,3.0,10.0,1.0,15.0,Sports,Casual,Racing,PC,Mobile,Console,Sometimes,Instagram,WhatsApp,Facebook,550.0,News,Occasional,Bollywood,Classical,Indie,4.0,Hindi,Bengali,0.0,Sometimes,Fiction,Biography,Tech,20.0,1500.0,Mixed,2.0,1.0,Road trip,Trekking,Beach,30000.0,2.0,Cricket,Photography,Sports Club,Cultural Club,5,3,4,2.0,3.0,4
00:00.0,20.0,165.0,70.0,Bengali,Chinese,Indian,4.0,Non-Veg,1.0,399.0,3.0,Both,Thriller,Sci-fi,Action,Crime,Siticom,Fantasy,Hindi,English,Bengali,Netflix,Disney + Hotstar,YouTube,1.0,10.0,6.0,5.0,Casual,FPS,RPG,Mobile,Mobile,Cloud,Never,WhatsApp,Instagram,YouTube,100.0,DIY/Coding,Occasional,Bollywood,Lo-fi,Pop,1.0,English,Hindi,0.0,Regularly,Self-Help,Tech,Biography,5.0,0.0,Mostly Online,3.0,1.0,Beach,Road Trip,Cultural,8000.0,3.0,Coding,Gym,Entrepreneurship Cell,Coding Club,40,3,5,5.0,5.0,4
00:00.0,21.0,167.0,81.0,Bengali,Chinese,Street Food,3.0,Non-Veg,1.0,150.0,2.0,Coffee,Thriller,Comedy,Sci-Fi,Crime,Siticom,Historical,Hindi,Bengali,English,JioCinema,YouTube,Prime Video,1.0,6.0,1.0,2.0,Casual,Casual,Casual,Mobile,Mobile,Mobile,Sometimes,WhatsApp,Facebook,Instagram,30.0,Memes,No,Bollywood,Classical,Rock,1.0,Bengali,Hindi,0.0,Regularly,Fiction,Non-Fiction,Fantasy,12.0,800.0,Mostly Offline,2.0,1.0,City,Beach,Pilgrimage,4000.0,4.0,Badminton,Writing,Literary Club,Cultural Club,3,2,2,3.0,4.0,2
00:00.0,21.0,172.0,80.0,Bengali,Indian,Mughlai,4.0,Non-Veg,1.0,200.0,2.0,Both,Action,Sci-fi,Thriller,Historical,Crime,Fantasy,Hindi,English,Bengali,YouTube,JioCinema,Disney + Hotstar,2.0,10.0,0.0,0.0,MOBA,FPS,Puzzle,Mobile,PC,Cloud,Never,WhatsApp,YouTube,LinkedIn,360.0,Educational,No,Devotional,Pop,Bollywood,1.0,English,Hindi,0.0,Sometimes,Self-Help,Self-Help,Tech,2.0,500.0,Mixed,4.0,0.0,City,Cultural,Pilgrimage,4000.0,4.0,Photography,Writing,Literary Club,Music Club,3,2,5,4.0,2.0,3
00:00.0,20.0,160.0,55.0,Indian,Chinese,Bengali,2.0,Non-Veg,3.0,300.0,4.0,Both,Romance,Comedy,Horror,Historical,Siticom,K-Drama,English,Hindi,Bengali,Netflix,Disney + Hotstar,Prime Video,5.0,30.0,0.0,0.0,FPS,MOBA,Racing,Console,Mobile,Cloud,Never,Instagram,WhatsApp,YouTube,60.0,Memes,No,Indie,Hip-Hop,EDM,2.0,English,Hindi,2.0,No,Fiction,Tech,Sci-Fi,5.0,600.0,Mostly Online,5.0,2.0,Trekking,Beach,City,10000.0,1.0,Writing,Gym,Coding Club,Drama Club,7,2,4,3.0,4.0,3
00:00.0,19.0,165.0,62.0,Bengali,Chinese,Mediterranean,4.0,Non-Veg,4.0,250.0,1.0,Both,Thriller,Drama,Comedy,Crime,Fantasy,Historical,English,Hindi,English,Netflix,JioCinema,YouTube,0.0,1.0,2.0,5.0,Casual,Strategy,Puzzle,Mobile,PC,Console,Sometimes,Instagram,YouTube,LinkedIn,180.0,Lifesyle,Occasional,Bollywood,Devotional,Pop,4.0,English,Hindi,0.0,Sometimes,Self-Help,Fantasy,Fiction,12.0,2000.0,Mixed,3.0,3.0,Beach,City,Road Trip,1500.0,4.0,Gym,Music,Music Club,Literary Club,2,3,3,3.0,4.0,3
00:00.0,20.0,162.0,56.0,Bengali,Indian,Chinese,3.0,Non-Veg,1.0,100.0,3.0,Tea,Thriller,Sci-fi,Action,Fantasy,Siticom,Anime,English,Hindi,Bengali,Netflix,Prime Video,Disney + Hotstar,0.0,14.0,3.0,6.0,Strategy,Sports,Racing,PC,PC,PC,Never,WhatsApp,X/Twitter,YouTube,240.0,Memes,No,Classical,Bollywood,Devotional,3.0,Hindi,Bengali,0.0,Regularly,Fantasy,Sci-Fi,Fiction,16.0,1000.0,Mixed,5.0,1.0,Road trip,Trekking,Beach,15000.0,3.0,Cricket,Music,Coding Club,Music Club,10,3,5,3.0,5.0,5
00:00.0,16.0,150.0,100.0,Mediterranean,South Indian,Bengali,4.0,Non-Veg,5.0,500.0,2.0,Coffee,Comedy,Romance,Sci-Fi,Siticom,Fantasy,Historical,English,Hindi,Bengali,Netflix,Prime Video,Disney + Hotstar,3.0,27.0,2.0,2.0,MOBA,FPS,Sports,Mobile,PC,Console,Sometimes,Instagram,WhatsApp,YouTube,77.0,Memes,No,Classical,Bollywood,Indie,5.0,Bengali,Tamil,2.0,Sometimes,Non-Fiction,Self-Help,Tech,34.0,600.0,Mixed,3.0,5.0,City,Beach,Pilgrimage,6000.0,5.0,Writing,Gym,Cultural Club,Drama Club,6,2,2,4.0,1.0,5
00:00.0,21.0,182.0,77.0,Italian,Continental,Indian,3.0,Non-Veg,1.0,60.0,5.0,Both,Scie-fi,Horror,Thriller,Anime,Historical,Teen,Hindi,English,Others,Netflix,Disney + Hotstar,YouTube,1.0,3.0,0.0,2.0,FPS,Sports,Racing,Mobile,PC,Mobile,Never,You Tube,Instagram,WhatsApp,47.0,Memes,No,Hip-Hop,Indie,Bollywood,8.0,Hindi,English,0.0,Sometimes,Sci-Fi,Fiction,Tech,0.0,500.0,Mixed,5.0,0.0,Trekking,Road Trip,Pilgrimage,80000.0,1.0,Music,Football,Sports Club,Coding Club,2,3,4,3.0,5.0,5
00:00.0,22.0,166.0,67.0,Indian,Bengali,Japanese,3.0,Non-Veg,1.0,199.0,3.0,Coffee,Comedy,Thriller,Animation,Anime,Crime,Teen,English,Others,Bengali,YouTube,Disney + Hotstar,JioCinema,2.0,20.0,4.0,10.0,Puzzle,Strategy,Casual,Mobile,PC,Mobile,Sometimes,You Tube,WhatsApp,Instagram,100.0,DIY/Coding,Occasional,Lo-fi,Pop,Classical,1.0,English,Other,0.0,Sometimes,Sci-Fi,Fiction,Non-Fiction,10.0,500.0,Mostly Offline,4.0,12.0,City,Road Trip,Cultural,1000.0,2.0,Photography,Dance,Cultural Club,Literary Club,10,4,2,4.0,4.0,1
00:00.0,23.0,180.0,85.0,Bengali,Indian,Chinese,5.0,Non-Veg,2.0,100.0,1.0,Coffee,Scie-fi,Animation,Comedy,Anime,Fantasy,Crime,English,Bengali,Hindi,Netflix,Prime Video,YouTube,0.0,5.0,0.0,0.0,FPS,RPG,Casual,PC,PC,PC,Often,WhatsApp,YouTube,WhatsApp,1.0,Educational,Regular,Lo-fi,Pop,EDM,0.0,English,Hindi,0.0,Sometimes,Fiction,Sci-Fi,Fantasy,50.0,0.0,Mostly Online,1.0,0.0,City,City,City,1000.0,1.0,Painting,Music,Coding Club,Cultural Club,40,5,5,5.0,5.0,5
00:00.0,21.0,160.0,80.0,Mughlai,Indian,Bengali,4.0,Non-Veg,4.0,399.0,3.0,Both,Action,Thriller,Romance,Crime,Historical,Fantasy,Hindi,English,Bengali,Prime Video,Netflix,Disney + Hotstar,5.0,10.0,1.0,2.0,Sports,Racing,FPS,Mobile,PC,Console,Never,Instagram,WhatsApp,YouTube,200.0,Lifesyle,Occasional,Bollywood,Rock,Hip-Hop,2.0,English,Hindi,0.0,Sometimes,Fiction,Biography,Sci-Fi,5.0,2000.0,Mostly Online,4.0,6.0,Road trip,Trekking,Beach,8000.0,2.0,Photography,Music,Music Club,Sports Club,15,4,4,4.0,5.0,5
00:00.0,19.0,166.0,58.0,Indian,Street Food,Mexican,4.0,Veg,1.0,300.0,3.0,Both,Comedy,Romance,Action,Siticom,Crime,Teen,Hindi,English,Others,Prime Video,Disney + Hotstar,Netflix,5.0,15.0,4.0,3.0,Sports,Racing,Puzzle,Mobile,PC,Cloud,Sometimes,Instagram,WhatsApp,YouTube,80.0,Memes,No,Bollywood,Pop,Hip-Hop,2.0,Hindi,English,0.0,Sometimes,Fiction,Fantasy,Non-Fiction,10.0,1500.0,Mixed,3.0,10.0,Trekking,Cultural,City,15000.0,3.0,Dance,Painting,Sports Club,Drama Club,10,5,5,3.0,5.0,3
00:00.0,20.0,170.0,60.0,Indian,Bengali,Italian,2.0,Non-Veg,1.0,300.0,3.0,Tea,Action,Sci-fi,Thriller,Crime,Historical,Anime,Hindi,English,Others,Netflix,Prime Video,Disney + Hotstar,2.0,10.0,3.0,3.0,Sports,Racing,Casual,Mobile,PC,Mobile,Sometimes,Instagram,WhatsApp,LinkedIn,3.0,News,No,Bollywood,Classical,Pop,2.0,Hindi,Other,0.0,Sometimes,Non-Fiction,Self-Help,Tech,2.0,500.0,Mixed,3.0,1.0,Cultural,Beach,Trekking,5000.0,3.0,Hackathons,Cricket,Coding Club,Entrepreneurship Cell,10,3,4,2.0,4.0,5
00:00.0,21.0,180.0,78.0,Bengali,Chinese,Korean,5.0,Non-Veg,1.0,100.0,2.0,Both,Horror,Action,Thriller,Crime,Fantasy,Teen,English,Hindi,Bengali,Netflix,Prime Video,Disney + Hotstar,5.0,12.0,0.0,0.0,Strategy,FPS,Sports,Mobile,Mobile,Mobile,Never,Instagram,WhatsApp,YouTube,100.0,Lifesyle,Occasional,Bollywood,Pop,Indie,2.0,English,Hindi,1.0,Sometimes,Tech,Fantasy,Non-Fiction,4.0,1000.0,Mostly Online,2.0,2.0,City,Beach,Trekking,5000.0,3.0,Dance,Gym,Sports Club,Sports Club,30,1,4,5.0,5.0,4
00:00.0,21.0,155.0,55.0,Bengali,Mughlai,Korean,5.0,Non-Veg,3.0,200.0,1.0,Coffee,Horror,Biopic,Drama,Siticom,K-Drama,Anime,English,Hindi,Bengali,Prime Video,YouTube,Disney + Hotstar,7.0,30.0,0.0,0.0,Casual,Puzzle,Strategy,Mobile,Mobile,Mobile,Sometimes,Instagram,YouTube,WhatsApp,240.0,Music,Occasional,Hip-Hop,Bollywood,Indie,4.0,Others,Bengali,0.0,Sometimes,Fiction,Non-Fiction,Fantasy,3.0,1000.0,Mixed,5.0,2.0,Beach,Trekking,Road Trip,15000.0,3.0,Music,Photography,Drama Club,Music Club,25,1,2,5.0,5.0,5
00:00.0,21.0,163.0,75.0,Italian,Indian,Street Food,5.0,Non-Veg,7.0,200.0,4.0,Coffee,Action,Sci-fi,Romance,Crime,Fantasy,Anime,English,Hindi,Others,Netflix,YouTube,Disney + Hotstar,7.0,30.0,5.0,5.0,FPS,Strategy,Puzzle,PC,PC,Mobile,Sometimes,You Tube,WhatsApp,Instagram,400.0,DIY/Coding,Occasional,Rock,Indie,Hip-Hop,7.0,English,Hindi,0.0,Regularly,Fiction,Fantasy,Sci-Fi,22.0,600.0,Mostly Online,5.0,1.0,Beach,Road Trip,Cultural,8000.0,3.0,Painting,Music,Sports Club,Music Club,6,1,4,3.0,1.0,2
00:00.0,22.0,153.0,62.0,Bengali,Indian,Street Food,3.0,Non-Veg,2.0,150.0,3.0,Both,Romance,Thriller,Comedy,Fantasy,Teen,Crime,Bengali,English,Hindi,Netflix,YouTube,Prime Video,2.0,5.0,0.0,0.0,Sports,Casual,Racing,Mobile,Mobile,PC,Sometimes,WhatsApp,Instagram,Facebook,120.0,Lifesyle,Occasional,Bollywood,Pop,Lo-fi,2.0,Hindi,English,1.0,Sometimes,Fantasy,Tech,Biography,2.0,1000.0,Mixed,4.0,2.0,City,Beach,Cultural,2000.0,5.0,Dance,Painting,Music Club,Cultural Club,1,3,3,3.0,4.0,5
00:00.0,21.0,170.0,66.0,Mughlai,South Indian,Chinese,1.0,Jain,2.0,150.0,1.0,Tea,Comedy,Romance,Thriller,Crime,Fantasy,Historical,Hindi,English,Bengali,Prime Video,Netflix,Disney + Hotstar,0.0,3.0,7.0,8.0,Sports,MOBA,Racing,Mobile,PC,Console,Sometimes,Instagram,WhatsApp,YouTube,500.0,Music,No,Bollywood,Lo-fi,Rock,3.0,Hindi,Bengali,1.0,No,Biography,Tech,Non-Fiction,0.0,200.0,Mixed,3.0,2.0,Road trip,Beach,Trekking,30000.0,5.0,Cricket,Gym,Sports Club,Coding Club,15,3,4,2.0,5.0,5
00:00.0,20.0,126.0,57.0,Indian,Bengali,Chinese,3.0,Eggitarian,3.0,100.0,4.0,Both,Thriller,Sci-fi,Comedy,Crime,K-Drama,K-Drama,Hindi,English,Bengali,YouTube,JioCinema,Disney + Hotstar,4.0,5.0,3.0,1.0,Puzzle,Casual,Sports,Mobile,Mobile,Mobile,Sometimes,Instagram,WhatsApp,YouTube,60.0,Lifesyle,Occasional,Bollywood,Rock,Pop,2.0,Hindi,English,0.0,Sometimes,Tech,Sci-Fi,Self-Help,2.0,400.0,Mostly Offline,3.0,1.0,Beach,Trekking,Road Trip,10000.0,1.0,Painting,Badminton,Sports Club,Coding Club,4,3,3,2.0,4.0,3
00:00.0,21.0,154.0,76.0,Indian,South Indian,Bengali,5.0,Non-Veg,3.0,100.0,1.0,Both,Thriller,Action,Romance,Historical,Crime,Fantasy,Bengali,Hindi,English,YouTube,JioCinema,Netflix,1.0,10.0,7.0,3.0,Strategy,Casual,Racing,Mobile,Mobile,Mobile,Often,WhatsApp,Facebook,YouTube,10.0,Music,No,Classical,Bollywood,Lo-fi,10.0,Bengali,Telegu,0.0,Sometimes,Biography,Fiction,Tech,5.0,500.0,Mixed,3.0,1.0,City,Beach,Cultural,20000.0,2.0,Music,Dance,Cultural Club,Cultural Club,10,3,1,3.0,3.0,5
00:00.0,20.0,155.0,71.0,Indian,Chinese,Bengali,4.0,Non-Veg,2.0,250.0,3.0,Both,Action,Horror,Sci-Fi,Crime,Fantasy,Historical,English,Hindi,Bengali,Netflix,Prime Video,Disney + Hotstar,2.0,30.0,7.0,15.0,FPS,RPG,MOBA,PC,Mobile,Console,Sometimes,Facebook,Instagram,WhatsApp,480.0,Lifesyle,No,Bollywood,Lo-fi,Pop,3.0,Hindi,English,4.0,Sometimes,Tech,Self-Help,Sci-Fi,3.0,2000.0,Mixed,3.0,3.0,Trekking,Beach,Road Trip,30000.0,2.0,Gym,Coding,Entrepreneurship Cell,Robotics Club,1,4,4,3.0,4.0,4
00:00.0,21.0,157.0,55.0,Indian,Street Food,Bengali,4.0,Non-Veg,8.0,100.0,2.0,Tea,Comedy,Sci-fi,Drama,Teen,Fantasy,Siticom,English,Hindi,Bengali,Netflix,Prime Video,YouTube,5.0,15.0,3.0,10.0,Puzzle,Casual,Strategy,Mobile,PC,Mobile,Sometimes,Instagram,WhatsApp,YouTube,100.0,Memes,No,Bollywood,Classical,Indie,6.0,Bengali,Hindi,1.0,Sometimes,Fiction,Self-Help,Sci-Fi,5.0,1000.0,Mixed,3.0,3.0,City,Road Trip,Cultural,5000.0,4.0,Painting,Dance,Drama Club,Music Club,10,5,5,3.0,4.0,5
00:00.0,20.0,165.0,81.0,Indian,Chinese,Bengali,4.0,Non-Veg,7.0,100.0,1.0,Both,Scie-fi,Horror,Documentary,Crime,Historical,Anime,Bengali,Hindi,English,Netflix,Disney + Hotstar,YouTube,0.0,1.0,5.0,10.0,FPS,MOBA,Strategy,Mobile,PC,Console,Often,Instagram,WhatsApp,YouTube,220.0,Memes,Regular,Classical,Lo-fi,Hip-Hop,1.0,Hindi,Bengali,1.0,Sometimes,Self-Help,Sci-Fi,Fantasy,1.0,1500.0,Mostly Online,4.0,3.0,Beach,Beach,Pilgrimage,15000.0,3.0,Gym,Music,Entrepreneurship Cell,Music Club,33,3,4,3.0,5.0,5
00:00.0,20.0,171.0,81.0,Bengali,Mughlai,Chinese,4.0,Non-Veg,5.0,150.0,5.0,Coffee,Action,Comedy,Sci-Fi,Historical,Crime,Fantasy,Hindi,English,Bengali,YouTube,Netflix,Prime Video,2.0,5.0,5.0,15.0,FPS,Racing,Strategy,PC,Mobile,Console,Sometimes,Instagram,YouTube,WhatsApp,240.0,Memes,No,Bollywood,Classical,Lo-fi,1.0,Hindi,English,0.0,No,Fiction,Biography,Sci-Fi,0.0,500.0,Mostly Online,3.0,5.0,Beach,City,Pilgrimage,40000.0,3.0,Cricket,Photography,Sports Club,Coding Club,5,3,4,3.0,4.0,4
00:00.0,21.0,176.0,74.0,Indian,Continental,Italian,3.0,Non-Veg,3.0,200.0,3.0,Tea,Horror,Horror,Sci-Fi,Anime,Crime,Historical,Bengali,English,Hindi,YouTube,Netflix,Prime Video,4.0,30.0,7.0,25.0,RPG,Strategy,Sports,PC,PC,Mobile,Sometimes,Instagram,WhatsApp,YouTube,399.0,Memes,No,Pop,Rock,Hip-Hop,2.0,Hindi,English,1.0,Sometimes,Tech,Sci-Fi,Self-Help,20.0,400.0,Mostly Online,4.0,2.0,Beach,Road Trip,Cultural,20000.0,2.0,Cricket,Yoga,Entrepreneurship Cell,Sports Club,10,3,3,4.0,4.0,5
00:00.0,22.0,172.0,70.0,Bengali,Street Food,Indian,3.0,Non-Veg,8.0,500.0,3.0,Coffee,Thriller,Comedy,Romance,Crime,Historical,Fantasy,Hindi,Malayalam,Bengali,Netflix,Prime Video,SOnyLIV,4.0,10.0,0.0,0.0,Sports,Racing,Puzzle,Mobile,PC,Console,Never,You Tube,Instagram,WhatsApp,180.0,Memes,No,Bollywood,Hip-Hop,Classical,1.0,Hindi,Bengali,2.0,Sometimes,Sci-Fi,Tech,Self-Help,5.0,1000.0,Mostly Online,4.0,9.0,Trekking,Road Trip,Beach,3000.0,4.0,Cricket,Photography,Sports Club,Music Club,0,3,3,3.0,3.0,3
00:00.0,21.0,159.0,60.0,Indian,Bengali,Chinese,2.0,Non-Veg,5.0,250.0,4.0,Both,Action,Comedy,Sci-Fi,Anime,Crime,Fantasy,English,Hindi,Bengali,Netflix,Prime Video,Disney + Hotstar,7.0,10.0,7.0,4.0,FPS,RPG,Racing,PC,Mobile,Console,Often,WhatsApp,YouTube,Instagram,400.0,Memes,Occasional,Bollywood,Classical,Pop,4.0,English,Hindi,3.0,Sometimes,Fiction,Non-Fiction,Tech,40.0,1700.0,Mixed,4.0,5.0,Beach,Trekking,Road Trip,9000.0,3.0,Badminton,Photography,Coding Club,Robotics Club,30,4,4,4.0,4.0,4
20:11:06.307,20.0,170.0,60.0,Indian,,,3.0,Non-Veg,2.0,200.0,3.0,Both,Action,,,Crime,,,English,,,Netflix,,,2.0,10.0,1.0,2.0,Strategy,,,Mobile,,,Sometimes,Instagram,,,120.0,Memes,No,Bollywood,,,2.0,Hindi,,1.0,Sometimes,Fiction,,,5.0,500.0,Mixed,3.0,2.0,Road Trip,,,10000.0,3.0,Coding,,Coding Club,,10,3,3,3.0,3.0,3
2025-11-09 18:08:50,,,,,,,,,,,,,,,,,,,,,,,,,,,,,,,,,,,,,,,,,,,,,,,,,,,,,,,,,,,,,,,,,Entrepreneurship Cell,,10,1,2,,,5
2025-11-09 18:16:44,,,,,,,,,,,,,,,,,,,,,,,,,,,,,,,,,,,,,,,,,,,,,,,,,,,,,,,,,,,,,,,,,Coding Club,,5,3,2,,,5
2025-11-09 18:20:42,,,,,,,,,,,,,,,,,,,,,,,,,,,,,,,,,,,,,,,,,,,,,,,,,,,,,,,,,,,,,,,,,Coding Club,,10,3,3,,,5
2025-11-09 18:21:38,,,,,,,,,,,,,,,,,,,,,,,,,,,,,,,,,,,,,,,,,,,,,,,,,,,,,,,,,,,,,,,,,Coding Club,,10,3,2,,,5
2025-11-09 18:52:34,,,,,,,,,,,,,,,,,,,,,,,,,,,,,,,,,,,,,,,,,,,,,,,,,,,,,,,,,,,,,,,,,Coding Club,,10,3,3,,,5
2025-11-09 20:09:26,,,,,,,,,,,,,,,,,,,,,,,,,,,,,,,,,,,,,,,,,,,,,,,,,,,,,,,,,,,,,,,,,Sports Club,,10,1,3,,,5
